riu_id,name,problem_pattern,execution_intent,workstreams,coordinates,trigger_signals,artifacts,reversibility,success_conditions,failure_modes,dependencies,agent_types,notes
RIU-001,Convergence Brief (Single-Page Source of Truth),"Engagement starts underspecified; stakeholders differ on goals, constraints, and non-goals.","Create a Convergence Brief (Semantic Blueprint) capturing: Goal (success criteria), Roles (human vs agent responsibilities), Capabilities (agents/tools needed), Constraints (binding requirements), Non-goals (explicit out-of-scope), plus risks, open questions, and next decisions.",Clarify & Bound,"{""industry"": ""*"", ""category"": ""*"", ""use_case"": ""*""}",new engagement | conflicting asks | paid commitment | rebrand messaging risk,convergence_brief.md | assumptions.md | open_questions.md,two_way,"{""execution"": ""Brief published and accepted as the current baseline."", ""outcome"": ""Fewer scope re-litigations; faster decision velocity."", ""safety_quality"": ""Non-goals prevent accidental commitments.""}","{""silent"": [""scope creep via untracked asks""], ""loud"": [""stakeholder disagreement""], ""clustered"": [""multi-team engagements with unclear owner""]}",,Human:Delivery | ARK:Tyrannosaurus | ARK:Argentavis | ARK:Velociraptor,
RIU-002,Stakeholder Map + RACI-lite,Decisions are slow or blocked because ownership and approval paths are unclear.,Map deciders/influencers/approvers; define RACI-lite for key artifacts and escalation path.,Clarify & Bound | Adoption & Change,"{""industry"": ""*"", ""category"": ""*"", ""use_case"": ""*""}",,stakeholder_map.md | raci_lite.md | escalation_path.md,two_way,"{""execution"": ""Owners assigned to every key decision/artifact."", ""outcome"": ""Approvals speed up; fewer surprises."", ""safety_quality"": ""Escalation path prevents deadlock.""}","{""silent"": [""implicit approvers appear late""], ""loud"": [""stakeholder refuses scope""], ""clustered"": [""regulated/enterprise customers""]}",,Human:Delivery | ARK:Argentavis,
RIU-003,Decision Log + One-Way Door Registry,Half-decisions and hidden commitments accumulate under pressure.,"Maintain decisions.md: decisions, reversibility, rationale, rejected alternatives, escalation status.",Clarify & Bound | Quality & Safety,"{""industry"": ""*"", ""category"": ""*"", ""use_case"": ""*""}",,decisions.md,two_way,"{""execution"": ""Every irreversible decision is explicitly flagged and referenced."", ""outcome"": ""System is restartable/handoff-safe."", ""safety_quality"": ""Prevents silent one-way door drift.""}","{""silent"": [""decisions made in chat but not recorded""], ""loud"": [""contradictory decisions""], ""clustered"": [""fast-moving prototypes""]}",,Human:Delivery | ARK:Tyrannosaurus | ARK:Velociraptor,
RIU-004,Problem → Workstream Decomposition (Non-Commit),Need expansive decomposition without committing to a plan.,Generate broad candidate workstreams + RIUs (non-commit). Human confirms active subset in decisions.md.,Clarify & Bound,"{""industry"": ""*"", ""category"": ""*"", ""use_case"": ""*""}",,candidate_workstreams.yaml | candidate_rius.yaml,two_way,"{""execution"": ""Candidate set is broad & understandable; no silent narrowing."", ""outcome"": ""Human can select/decline quickly."", ""safety_quality"": ""Gaps surfaced explicitly.""}","{""silent"": [""premature narrowing""], ""loud"": [""too many irrelevant candidates""], ""clustered"": [""novel domains""]}",,ARK:Tyrannosaurus | ARK:Argentavis | ARK:Argentavis,
RIU-005,Scope Freeze + Phased Delivery Contract,Customer expects fast delivery; scope must be bounded into phases.,Define Phase 0/1/2 deliverables with acceptance criteria and rollback expectations.,Clarify & Bound | Ops & Delivery,"{""industry"": ""*"", ""category"": ""*"", ""use_case"": ""*""}",,phase_plan.md | acceptance_criteria.md,mixed,"{""execution"": ""Phase 0 delivers value quickly; Phase 1 bounded; Phase 2 optional."", ""outcome"": ""Expectations align; fewer surprises."", ""safety_quality"": ""No external commitments without one-way door sign-off.""}","{""silent"": [""phase creep""], ""loud"": [""customer rejects phased approach""], ""clustered"": [""paid but missing requirements""]}",,Human:Delivery | ARK:Tyrannosaurus,
RIU-006,Success Metrics Charter,Undefined success leads to churn and rework.,Define outcome metrics + leading indicators + acceptance checks; align with stakeholders.,Clarify & Bound,"{""industry"": ""*"", ""category"": ""*"", ""use_case"": ""*""}",debates about 'good' | no KPI,success_metrics_charter.md | acceptance_checks.md,two_way,"{""execution"": ""Metrics charter agreed."", ""outcome"": ""Faster acceptance decisions."", ""safety_quality"": ""Prevents scope ambiguity.""}","{""silent"": [""metrics gamed""], ""loud"": [""no baseline data""], ""clustered"": [""multiple personas""]}",,Human:Delivery | ARK:Tyrannosaurus | ARK:Argentavis,
RIU-007,Constraint Profile Capture,"Hidden constraints (latency, compliance, budget) break design late.",Capture constraint profile; rank fixed vs negotiable constraints; record in decisions.md.,Clarify & Bound,"{""industry"": ""*"", ""category"": ""*"", ""use_case"": ""*""}",security asks | latency SLA | budget cap,constraint_profile.md,two_way,"{""execution"": ""Constraints explicit and prioritized."", ""outcome"": ""Design choices become faster."", ""safety_quality"": ""Avoids late surprises.""}","{""silent"": [""unstated constraints""], ""loud"": [""constraints conflict""], ""clustered"": [""enterprise security""]}",,Human:Delivery | ARK:Velociraptor,
RIU-008,Assumptions Register,Work proceeds on assumptions; they must be explicit and testable.,Record assumptions with validation plan and expiry; escalate if assumption implies a one-way door.,Clarify & Bound | Quality & Safety,"{""industry"": ""*"", ""category"": ""*"", ""use_case"": ""*""}",,assumptions.md | assumption_tests.md,two_way,"{""execution"": ""Assumptions visible and testable."", ""outcome"": ""Wrong assumptions detected early."", ""safety_quality"": ""Reduces hidden debt.""}","{""silent"": [""assumptions forgotten""], ""loud"": [""assumption disproved late""], ""clustered"": [""novel domains""]}",,Human:Delivery | ARK:Velociraptor,
RIU-009,Risk Register + Mitigation Plan,Delivery risks need containment and owner assignment.,"Maintain risk register with mitigations, owners, and triggers; update on cadence.",Clarify & Bound | Quality & Safety,"{""industry"": ""*"", ""category"": ""*"", ""use_case"": ""*""}",,risk_register.md,two_way,"{""execution"": ""Risks have owners and mitigations."", ""outcome"": ""Fewer surprises."", ""safety_quality"": ""Escalation is timely.""}","{""silent"": [""risks not revisited""], ""loud"": [""risk realized without plan""], ""clustered"": [""tight timelines""]}",,Human:Delivery,
RIU-010,Access & Permissions Readiness Checklist,"Blocked delivery due to missing credentials, network access, or unclear data movement constraints.",Produce least-privilege access checklist and smoke tests for read/write boundaries.,Interfaces & Inputs | Quality & Safety,"{""industry"": ""*"", ""category"": ""*"", ""use_case"": ""*""}",,access_checklist.md | access_smoketests/ | network_requirements.md,two_way,"{""execution"": ""Required access provisioned + tested."", ""outcome"": ""No access-related schedule slips."", ""safety_quality"": ""Least-privilege and audit expectations explicit.""}","{""silent"": [""over-privileged tokens""], ""loud"": [""blocked network path""], ""clustered"": [""enterprise VPN / VPC""]}",,Human:Delivery | ARK:Therizinosaurus | ARK:Velociraptor,
RIU-011,Data Contract Freeze (Schemas + Samples),Shifting schemas across sources cause downstream rework.,"Freeze versioned data contract: schemas, sample payloads, constraints, validation rules.",Interfaces & Inputs,"{""industry"": ""*"", ""category"": ""*"", ""use_case"": ""*""}",,data_contract.yaml | sample_payloads/ | schema_validators/,mixed,"{""execution"": ""Contract validates against representative samples."", ""outcome"": ""Integration unblocked; fewer misunderstandings."", ""safety_quality"": ""PII handling recorded where relevant.""}","{""silent"": [""schema drift unnoticed""], ""loud"": [""samples missing""], ""clustered"": [""multi-source joins""]}",,ARK:Tyrannosaurus | ARK:Therizinosaurus | ARK:Velociraptor,
RIU-012,PII/Compliance Triage (Controls Plan),Regulated data or compliance requirements constrain design and tooling.,"Classify sensitivity, define minimization/redaction, document audit logging requirements.",Quality & Safety | Interfaces & Inputs,"{""industry"": ""*"", ""category"": ""*"", ""use_case"": ""*""}",,compliance_triage.md | data_minimization_plan.md | audit_logging_requirements.md,one_way,"{""execution"": ""Controls explicit; safe processing allowlist defined."", ""outcome"": ""Compliance review path clear."", ""safety_quality"": ""No disallowed fields processed.""}","{""silent"": [""PII in logs""], ""loud"": [""policy conflict discovered late""], ""clustered"": [""HIPAA/PCI/GDPR customers""]}",,ARK:Tyrannosaurus | Human:Delivery | ARK:Velociraptor,
RIU-013,Source-of-Truth Inventory (Systems + Owners),Multiple systems exist; unclear which is authoritative for each datum.,"Create source-of-truth map listing systems, owners, fields, cadence, trust.",Interfaces & Inputs | Clarify & Bound,"{""industry"": ""*"", ""category"": ""*"", ""use_case"": ""*""}",,source_of_truth_inventory.md,two_way,"{""execution"": ""Each key field has an authoritative owner/system."", ""outcome"": ""Integration ambiguity reduced."", ""safety_quality"": ""Supports drift detection.""}","{""silent"": [""shadow spreadsheets""], ""loud"": [""conflicting system owners""], ""clustered"": [""post-merger environments""]}",,Human:Delivery | ARK:Argentavis,
RIU-014,Data Sampling + Edge-Case Catalog,Data fails in reality due to edge cases.,Collect representative samples; catalog edge cases; convert into tests.,Interfaces & Inputs | Quality & Safety,"{""industry"": ""*"", ""category"": ""*"", ""use_case"": ""*""}",,edge_case_catalog.md | edge_case_samples/ | edge_case_tests/,two_way,"{""execution"": ""Edge cases enumerated and testable."", ""outcome"": ""Fewer surprises during implementation."", ""safety_quality"": ""Improves eval harness quality.""}","{""silent"": [""rare encodings break parsing""], ""loud"": [""missing access to raw data""], ""clustered"": [""internationalization/multilingual""]}",,ARK:Therizinosaurus | ARK:Velociraptor,
RIU-015,Contract for Outputs (API/Events/Files),Downstream consumers need stable outputs; unclear payload/SLA/semantics.,"Define output contract: schema, semantics, idempotency, SLAs, versioning.",Interfaces & Inputs | Ops & Delivery,"{""industry"": ""*"", ""category"": ""*"", ""use_case"": ""*""}",,output_contract.yaml | consumer_expectations.md,one_way,"{""execution"": ""Consumers integrate without rework."", ""outcome"": ""Versioning/compatibility explicit."", ""safety_quality"": ""One-way doors flagged pre-commitment.""}","{""silent"": [""breaking changes""], ""loud"": [""consumer rejects semantics""], ""clustered"": [""multiple downstream consumers""]}",,ARK:Tyrannosaurus | ARK:Therizinosaurus | ARK:Velociraptor,
RIU-016,API Contract Review + Versioning Plan,API changes break customers.,Review API contract; define compatibility + versioning rules.,Interfaces & Inputs | Quality & Safety,"{""industry"": ""*"", ""category"": ""*"", ""use_case"": ""*""}",,api_contract_review.md | versioning_plan.md,one_way,"{""execution"": ""Compatibility rules explicit."", ""outcome"": ""Customers protected from breaking changes."", ""safety_quality"": ""Safe evolution path.""}","{""silent"": [""undeclared breaking changes""], ""loud"": [""client incompatibility""], ""clustered"": [""mobile clients""]}",RIU-015,ARK:Tyrannosaurus | ARK:Velociraptor,
RIU-017,Connector Spec (Source/Target),Need to build/configure a connector reliably.,"Define connector spec: auth, pagination, rate limits, retries, mapping, error handling.",Interfaces & Inputs | Ops & Delivery,"{""industry"": ""*"", ""category"": ""*"", ""use_case"": ""*""}",,connector_spec.md | mapping_rules.yaml | connector_tests/,mixed,"{""execution"": ""Connector works end-to-end with retries."", ""outcome"": ""Mapping deterministic."", ""safety_quality"": ""Ops expectations explicit.""}","{""silent"": [""pagination bugs""], ""loud"": [""rate limit bans""], ""clustered"": [""large accounts""]}",RIU-010 | RIU-011,ARK:Tyrannosaurus | ARK:Therizinosaurus,
RIU-018,Schema Mapping Table (Source→Target),Field mapping causes endless churn.,Create mapping table with transforms/defaults/provenance; validate with samples.,Interfaces & Inputs,"{""industry"": ""*"", ""category"": ""*"", ""use_case"": ""*""}",,schema_mapping.csv | transform_rules.yaml | mapping_tests/,two_way,"{""execution"": ""Mappings agreed and testable."", ""outcome"": ""Fewer mapping bugs."", ""safety_quality"": ""Supports auditability.""}","{""silent"": [""implicit transforms""], ""loud"": [""mapping disagreement""], ""clustered"": [""optional fields""]}",RIU-011,ARK:Tyrannosaurus | ARK:Therizinosaurus | ARK:Velociraptor,
RIU-019,Data Lineage Sketch (Minimal),Need to understand data movement and dependencies.,"Produce minimal lineage diagram + narrative: source→processing→sink, including owners.",Interfaces & Inputs | Clarify & Bound,"{""industry"": ""*"", ""category"": ""*"", ""use_case"": ""*""}",,data_lineage.md | lineage_diagram.md,two_way,"{""execution"": ""Shared understanding of data flow."", ""outcome"": ""Reduces compliance/ops surprises."", ""safety_quality"": ""Improves debugging speed.""}","{""silent"": [""lineage outdated""], ""loud"": [""unknown processing step""], ""clustered"": [""multi-service pipelines""]}",RIU-013,ARK:Tyrannosaurus | ARK:Argentavis,
RIU-020,Baseline Behavior Snapshot (Before Changes),Baseline is unknown; risk of regressions.,Capture baseline outputs + metrics for representative cases; store as golden artifacts.,Core Logic | Quality & Safety,"{""industry"": ""*"", ""category"": ""*"", ""use_case"": ""*""}",,baseline_report.md | baseline_outputs/ | baseline_metrics.json,two_way,"{""execution"": ""Baseline reproducible; improvements measurable."", ""outcome"": ""Regression risk reduced."", ""safety_quality"": ""Supports rollback decisions.""}","{""silent"": [""non-representative baseline""], ""loud"": [""no access to system""], ""clustered"": [""multi-tenant systems""]}",,ARK:Velociraptor | ARK:Argentavis,
RIU-021,Golden Set + Offline Evaluation Harness,Quality needs measurement without perfect telemetry.,"Build golden cases, expected doc families, and offline metrics runner.",Quality & Safety | Core Logic,"{""industry"": ""*"", ""category"": ""*"", ""use_case"": ""*""}",,golden_set.jsonl | eval_runner/ | eval_report.md,two_way,"{""execution"": ""Changes gated by offline eval."", ""outcome"": ""Quality improvements measurable."", ""safety_quality"": ""Prevents 'feels better' shipping.""}","{""silent"": [""golden set too narrow""], ""loud"": [""no ground truth agreement""], ""clustered"": [""subjective outputs""]}",,ARK:Velociraptor | ARK:Tyrannosaurus,
RIU-022,Prompt Interface Contract (Inputs/Outputs),Prompting drifts; unclear variables and output format.,"Define prompt interface: variables, constraints, required schema, failure handling.",Core Logic | Interfaces & Inputs,"{""industry"": ""*"", ""category"": ""*"", ""use_case"": ""*""}",,prompt_contract.md | output_schema.json | prompt_templates/,mixed,"{""execution"": ""Prompts composable + versionable."", ""outcome"": ""Outputs parse reliably."", ""safety_quality"": ""Reduces brittle prompt drift.""}","{""silent"": [""schema not enforced""], ""loud"": [""model changes break format""], ""clustered"": [""long-context prompts""]}",,ARK:Tyrannosaurus | ARK:Therizinosaurus | ARK:Velociraptor,
RIU-023,Deterministic-First Pipeline Split,LLM used where deterministic logic would be safer; need containment.,Split pipeline into deterministic and LLM stages; add guards + fallbacks.,Core Logic | Quality & Safety,"{""industry"": ""*"", ""category"": ""*"", ""use_case"": ""*""}",,pipeline_split.md | deterministic_modules/ | llm_modules/ | fallback_rules.yaml,two_way,"{""execution"": ""Most failures become loud and diagnosable."", ""outcome"": ""Reduced hallucination surface."", ""safety_quality"": ""Fallbacks maintain usability.""}","{""silent"": [""LLM used without evidence tags""], ""loud"": [""fallback not triggered""], ""clustered"": [""edge-case inputs""]}",,ARK:Tyrannosaurus | ARK:Therizinosaurus | ARK:Velociraptor,
RIU-024,Sidecar Augmentation (Read-Only Intelligence Artifacts),Augment an existing system without rewriting it.,Generate adjacent sidecar artifacts keyed by doc_id/entity_id with computed signals + reason codes.,Core Logic | Ops & Delivery,"{""industry"": ""*"", ""category"": ""*"", ""use_case"": ""*""}",,sidecar_schema.json | sidecar_writer/ | sidecar_reader/,two_way,"{""execution"": ""Augmentation works without touching source system."", ""outcome"": ""Rollback = ignore sidecars."", ""safety_quality"": ""Sidecars idempotent + versioned.""}","{""silent"": [""doc_id mismatches""], ""loud"": [""schema validation fails""], ""clustered"": [""multiple doc sources""]}",,ARK:Tyrannosaurus | ARK:Therizinosaurus | ARK:Velociraptor,
RIU-025,Freshness/Staleness Rules (Deterministic),Recommendations are stale; ingestion lag exists; removals are silent.,Implement freshness classes + downrank/omit rules; orphan detection via last-seen snapshots.,Quality & Safety | Core Logic,"{""industry"": ""*"", ""category"": ""*"", ""use_case"": ""*""}",,freshness_rules.yaml | orphan_detector/ | staleness_tests/,two_way,"{""execution"": ""Stale outputs reduced; behavior predictable."", ""outcome"": ""Orphans never surfaced."", ""safety_quality"": ""Staleness cases covered in eval.""}","{""silent"": [""timestamps missing""], ""loud"": [""false orphaning""], ""clustered"": [""bursty sync schedules""]}",,ARK:Therizinosaurus | ARK:Velociraptor | ARK:Tyrannosaurus,
RIU-026,Hybrid Similarity (Enums + Embeddings),Need 'seen this before' exemplars for faster operator reasoning.,Return neighbors using hybrid similarity + reason codes; avoid LLM prose by default.,Core Logic,"{""industry"": ""*"", ""category"": ""*"", ""use_case"": ""*""}",,similarity_index/ | neighbor_service/ | reason_codes.md,two_way,"{""execution"": ""Operators find precedents faster."", ""outcome"": ""Neighbors explainable via reason codes."", ""safety_quality"": ""Stable under no-change conditions.""}","{""silent"": [""semantic drift""], ""loud"": [""index build fails""], ""clustered"": [""multilingual corpora""]}",,ARK:Therizinosaurus | ARK:Therizinosaurus | ARK:Velociraptor,
RIU-027,Reranking Layer (Post-Retrieval),Baseline retrieval exists; need better ordering without changing index.,Apply reranking using deterministic signals + optional model scoring; include explanations.,Core Logic | Quality & Safety,"{""industry"": ""*"", ""category"": ""*"", ""use_case"": ""*""}",,reranker_module/ | explainability_rules.md | rerank_eval.md,two_way,"{""execution"": ""Top-k relevance improves measurably."", ""outcome"": ""Explanations cite signals."", ""safety_quality"": ""Rollback = disable reranker.""}","{""silent"": [""overfit to popular docs""], ""loud"": [""latency regression""], ""clustered"": [""long-tail queries""]}",,ARK:Tyrannosaurus | ARK:Therizinosaurus | ARK:Velociraptor,
RIU-028,Schema-Constrained Generation,Outputs must be machine-usable; free-form text breaks downstream.,"Enforce JSON schema outputs with validation, retries, and partial repair.",Core Logic | Quality & Safety,"{""industry"": ""*"", ""category"": ""*"", ""use_case"": ""*""}",,output_schema.json | validator/ | repair_rules.md,two_way,"{""execution"": ""Parse errors drop significantly."", ""outcome"": ""Failures become loud/recoverable."", ""safety_quality"": ""Supports deterministic downstream.""}","{""silent"": [""accepting partial invalid JSON""], ""loud"": [""schema too strict""], ""clustered"": [""nested objects""]}",,ARK:Therizinosaurus | ARK:Velociraptor,
RIU-029,Tool-Calling Safety Envelope,Agents can call tools; must limit blast radius and enforce permissions.,"Define tool allowlist, rate limits, redaction, and audit requirements.",Quality & Safety | Core Logic,"{""industry"": ""*"", ""category"": ""*"", ""use_case"": ""*""}",,tool_allowlist.yaml | tool_limits.md | tool_audit_requirements.md,one_way,"{""execution"": ""Tool calls bounded and auditable."", ""outcome"": ""No sensitive data leakage."", ""safety_quality"": ""Safe-by-default execution.""}","{""silent"": [""tool called with unsafe args""], ""loud"": [""missing audit logs""], ""clustered"": [""high concurrency""]}",,ARK:Tyrannosaurus | ARK:Velociraptor | ARK:Therizinosaurus,
RIU-032,Extraction Pattern (Structured from Unstructured),Need reliable extraction of fields from text/docs.,"Implement extraction with schema constraints, confidence, and fallbacks; produce eval set.",Core Logic | Quality & Safety,"{""industry"": ""*"", ""category"": ""*"", ""use_case"": ""*""}",,extraction_schema.json | extractor/ | extraction_eval.jsonl,two_way,"{""execution"": ""Structured fields extracted reliably."", ""outcome"": ""Error cases visible."", ""safety_quality"": ""Extraction measurable.""}","{""silent"": [""hallucinated fields""], ""loud"": [""schema violations""], ""clustered"": [""long docs""]}",RIU-028 | RIU-021,ARK:Tyrannosaurus | ARK:Therizinosaurus | ARK:Velociraptor,
RIU-033,Classification Pattern (Soft Labels),Need labels for narrowing/analytics without overfitting.,Implement soft classification with confidence + abstain; log uncertainty.,Core Logic,"{""industry"": ""*"", ""category"": ""*"", ""use_case"": ""*""}",,label_schema.json | classifier/ | abstain_rules.md,two_way,"{""execution"": ""Labels useful without forced certainty."", ""outcome"": ""Abstentions guide discovery."", ""safety_quality"": ""Supports clustering.""}","{""silent"": [""overconfident wrong labels""], ""loud"": [""model drift""], ""clustered"": [""new categories""]}",RIU-021,ARK:Tyrannosaurus | ARK:Therizinosaurus | ARK:Velociraptor,
RIU-034,Ranking Explanation Rules (Reason Codes),Need explainability without LLM fluff.,Define deterministic reason codes and attach to ranked outputs.,Core Logic | Quality & Safety,"{""industry"": ""*"", ""category"": ""*"", ""use_case"": ""*""}",,reason_codes.md | explainability_rules.yaml,two_way,"{""execution"": ""Recommendations explainable."", ""outcome"": ""Ranking changes debug-friendly."", ""safety_quality"": ""Trust improves.""}","{""silent"": [""reasons don't match reality""], ""loud"": [""missing signals""], ""clustered"": [""multi-signal ranking""]}",RIU-027,ARK:Tyrannosaurus | ARK:Therizinosaurus,
RIU-035,Caching Strategy + Invalidation Plan,Latency/cost too high; caching needed; risk of staleness.,"Define caching layers, TTLs, invalidation triggers, and tradeoffs.",Core Logic | Ops & Delivery,"{""industry"": ""*"", ""category"": ""*"", ""use_case"": ""*""}",,cache_plan.md | invalidation_rules.yaml,mixed,"{""execution"": ""Latency/cost reduced measurably."", ""outcome"": ""Staleness controlled and explicit."", ""safety_quality"": ""Cache failures diagnosable.""}","{""silent"": [""serving stale cache""], ""loud"": [""cache stampede""], ""clustered"": [""bursty queries""]}",,ARK:Tyrannosaurus | ARK:Therizinosaurus,
RIU-060,Deployment Readiness Envelope (Anchor),Deployment readiness unknown; risk of environment surprises.,"Define deployment envelope: envs, configs, secrets, migrations, rollback, release gates.",Ops & Delivery | Quality & Safety,"{""industry"": ""*"", ""category"": ""*"", ""use_case"": ""*""}",,deployment_envelope.md | env_matrix.md | release_gates.md,mixed,"{""execution"": ""Requirements for safe deploy across envs."", ""outcome"": ""Rollback/gates defined before launch."", ""safety_quality"": ""Reduces environment drift.""}","{""silent"": [""config drift""], ""loud"": [""missing secrets""], ""clustered"": [""multi-region deploys""]}",,Human:Delivery | ARK:Tyrannosaurus | ARK:Therizinosaurus | ARK:Velociraptor,
RIU-061,Observability Baseline (Anchor),System not observable; failures will be silent.,"Define minimum observability: logs, metrics, traces, dashboards, alerts, and ownership.",Ops & Delivery | Quality & Safety,"{""industry"": ""*"", ""category"": ""*"", ""use_case"": ""*""}",,observability_baseline.md | dashboards/ | alerts.md | logging_spec.md,two_way,"{""execution"": ""Key flows measurable; alerts fire on bad states."", ""outcome"": ""Debugging is faster."", ""safety_quality"": ""Prevents silent degradation.""}","{""silent"": [""missing correlation IDs""], ""loud"": [""alert storms""], ""clustered"": [""spiky traffic patterns""]}",,ARK:Tyrannosaurus | ARK:Therizinosaurus | ARK:Velociraptor,
RIU-062,Incident Containment & Recovery Plan (Anchor),"Need containment, rollback, comms, ownership before incidents happen.","Create incident runbook with kill switches, rollback, comms templates, escalation owners.",Ops & Delivery | Adoption & Change | Quality & Safety,"{""industry"": ""*"", ""category"": ""*"", ""use_case"": ""*""}",,incident_runbook.md | kill_switch.md | customer_comms_templates.md,mixed,"{""execution"": ""Incidents handled predictably with minimal downtime."", ""outcome"": ""Comms are clear/timely."", ""safety_quality"": ""No uncontrolled changes during recovery.""}","{""silent"": [""no kill switch""], ""loud"": [""conflicting responders""], ""clustered"": [""after-hours incidents""]}",,Human:Delivery | ARK:Tyrannosaurus | ARK:Velociraptor,
RIU-063,Performance & Load Characterization (Anchor),Performance unknown; risk of SLA failure after commitments.,"Define performance envelope, load tests, bottleneck analysis, scaling assumptions.",Ops & Delivery | Quality & Safety,"{""industry"": ""*"", ""category"": ""*"", ""use_case"": ""*""}",,perf_envelope.md | load_tests/ | bottleneck_report.md,two_way,"{""execution"": ""Latency/throughput measured under realistic loads."", ""outcome"": ""Scaling assumptions documented."", ""safety_quality"": ""Prevents premature SLA commitments.""}","{""silent"": [""tests not representative""], ""loud"": [""timeouts under load""], ""clustered"": [""cold starts / cache warmups""]}",,ARK:Tyrannosaurus | ARK:Therizinosaurus | ARK:Velociraptor,
RIU-064,Feature Flags + Kill Switch Integration,Need safe rollout and instant rollback without redeploy.,Implement feature flags for risky paths and a kill switch for critical flows.,Ops & Delivery | Quality & Safety,"{""industry"": ""*"", ""category"": ""*"", ""use_case"": ""*""}",,flags.yaml | kill_switch.md | rollout_plan.md,two_way,"{""execution"": ""New behavior can be disabled instantly."", ""outcome"": ""Rollouts staged safely."", ""safety_quality"": ""Incidents contained quickly.""}","{""silent"": [""flags not wired to real code paths""], ""loud"": [""flag state inconsistent""], ""clustered"": [""multi-service systems""]}",,ARK:Tyrannosaurus | ARK:Therizinosaurus | ARK:Velociraptor,
RIU-065,Config Management + Environment Parity,Works in one env but fails in another; configs diverge.,Centralize configs; define env parity checks; document differences explicitly.,Ops & Delivery,"{""industry"": ""*"", ""category"": ""*"", ""use_case"": ""*""}",,config_spec.md | env_parity_checks/ | config_templates/,two_way,"{""execution"": ""Environment drift detected early."", ""outcome"": ""Deploys reproduce local behavior."", ""safety_quality"": ""Less 'works on staging'.""}","{""silent"": [""undocumented env vars""], ""loud"": [""missing config keys""], ""clustered"": [""multiple tenants""]}",,ARK:Therizinosaurus | ARK:Velociraptor,
RIU-066,Secrets Handling + Rotation Expectations,Secrets needed; risk leakage or rotation breakage.,"Define secrets storage, access, rotation, and smoke tests.",Ops & Delivery | Quality & Safety,"{""industry"": ""*"", ""category"": ""*"", ""use_case"": ""*""}",,secrets_plan.md | rotation_playbook.md | secret_smoketests/,one_way,"{""execution"": ""Secrets managed safely and rotate without downtime."", ""outcome"": ""No secrets in logs/repos."", ""safety_quality"": ""Clear operational ownership.""}","{""silent"": [""secrets committed to git""], ""loud"": [""rotation outage""], ""clustered"": [""shared credentials""]}",,ARK:Tyrannosaurus | ARK:Velociraptor | ARK:Therizinosaurus,
RIU-067,Database Migration Safety Wrapper,Schema changes are one-way doors and can cause outages.,"Stage migrations with backfill strategy, compat matrix, and rollback path.",Ops & Delivery | Quality & Safety,"{""industry"": ""*"", ""category"": ""*"", ""use_case"": ""*""}",,migration_plan.md | backfill_scripts/ | compatibility_matrix.md,one_way,"{""execution"": ""Migrations reversible or safely staged."", ""outcome"": ""No downtime surprises."", ""safety_quality"": ""Backfills monitored.""}","{""silent"": [""partial backfill""], ""loud"": [""lock contention""], ""clustered"": [""large tables""]}",,ARK:Tyrannosaurus | ARK:Therizinosaurus | ARK:Velociraptor,
RIU-068,Canary Rollout + Error Budget Gate,Need to ship while learning safely from real traffic.,Implement canary with error budget gates and objective rollback criteria.,Ops & Delivery | Quality & Safety,"{""industry"": ""*"", ""category"": ""*"", ""use_case"": ""*""}",,canary_plan.md | error_budget.md | rollback_criteria.md,mixed,"{""execution"": ""Risk limited to small cohort."", ""outcome"": ""Rollback triggers objective."", ""safety_quality"": ""Learning happens safely.""}","{""silent"": [""cohort not representative""], ""loud"": [""false rollback""], ""clustered"": [""traffic skew by region""]}",,ARK:Tyrannosaurus | ARK:Therizinosaurus | ARK:Velociraptor,
RIU-069,Runbook (Day-2 Operations),Solution works but cannot be operated.,"Write runbook: deploy, rollback, troubleshooting, on-call actions, known issues.",Ops & Delivery | Adoption & Change,"{""industry"": ""*"", ""category"": ""*"", ""use_case"": ""*""}",,runbook.md | known_issues.md,two_way,"{""execution"": ""Ops can run system without builder."", ""outcome"": ""Incidents resolved faster."", ""safety_quality"": ""Support load reduced.""}","{""silent"": [""runbook out of date""], ""loud"": [""missing troubleshooting steps""], ""clustered"": [""multi-service""]}",RIU-061 | RIU-062,Human:Delivery | ARK:Therizinosaurus,
RIU-070,SLO/SLI Definition + Alert Thresholds,Need reliability targets without overpromising.,Define SLIs/SLOs and alert thresholds tied to error budgets.,Ops & Delivery | Quality & Safety,"{""industry"": ""*"", ""category"": ""*"", ""use_case"": ""*""}",,slo_sli.md | alert_thresholds.md,one_way,"{""execution"": ""Reliability targets explicit."", ""outcome"": ""Alerts tied to user impact."", ""safety_quality"": ""Avoid accidental SLA promises.""}","{""silent"": [""SLOs not monitored""], ""loud"": [""alert noise""], ""clustered"": [""traffic spikes""]}",RIU-061 | RIU-068,ARK:Tyrannosaurus | ARK:Velociraptor,
RIU-080,Contract Tests (Input/Output),Interfaces drift; downstream breaks without loud failures.,Implement contract tests with fixtures and CI enforcement.,Quality & Safety | Interfaces & Inputs,"{""industry"": ""*"", ""category"": ""*"", ""use_case"": ""*""}",,contract_tests/ | fixtures/ | ci_gate.md,two_way,"{""execution"": ""Breaking changes caught pre-deploy."", ""outcome"": ""Interfaces stable."", ""safety_quality"": ""Failures loud.""}","{""silent"": [""fixtures stale""], ""loud"": [""test flakiness""], ""clustered"": [""optional fields""]}",,ARK:Therizinosaurus | ARK:Velociraptor,
RIU-081,End-to-End Smoke Tests (Critical Path),Need confidence that critical path works in prod-like conditions.,Create minimal e2e smoke tests and run pre/post deploy.,Quality & Safety | Ops & Delivery,"{""industry"": ""*"", ""category"": ""*"", ""use_case"": ""*""}",,smoke_tests/ | smoke_test_runbook.md,two_way,"{""execution"": ""Critical failures detected quickly."", ""outcome"": ""Deploy confidence increases."", ""safety_quality"": ""Runbook usable by on-call.""}","{""silent"": [""missing representative inputs""], ""loud"": [""env dependency""], ""clustered"": [""async pipelines""]}",,ARK:Therizinosaurus | Human:Delivery,
RIU-082,LLM Safety Guardrails (Content + Tool Use),LLM outputs can hallucinate or violate constraints.,"Define policy constraints, evidence requirements, refusal rules, and tool bounds; enforce via validators.",Quality & Safety | Core Logic,"{""industry"": ""*"", ""category"": ""*"", ""use_case"": ""*""}",,llm_guardrails.md | policy_rules.yaml | evidence_requirements.md,one_way,"{""execution"": ""Unsafe outputs blocked/downgraded."", ""outcome"": ""Tool calls constrained."", ""safety_quality"": ""Compliance auditable.""}","{""silent"": [""guards not enforced everywhere""], ""loud"": [""over-refusal harms usability""], ""clustered"": [""prompt injection""]}",,ARK:Tyrannosaurus | ARK:Velociraptor | ARK:Therizinosaurus,
RIU-083,Red Team Scenarios (Abuse + Failure),System may be abused or fail dangerously under adversarial inputs.,Define red-team scenarios and run as pre-launch gate; document mitigations.,Quality & Safety,"{""industry"": ""*"", ""category"": ""*"", ""use_case"": ""*""}",,redteam_scenarios.md | redteam_results.md | mitigations.md,two_way,"{""execution"": ""Abuse cases tested; mitigations documented."", ""outcome"": ""High-risk behaviors detected early."", ""safety_quality"": ""Launch risk reduced.""}","{""silent"": [""scenario set incomplete""], ""loud"": [""false sense of security""], ""clustered"": [""adversarial prompts""]}",,ARK:Velociraptor | ARK:Tyrannosaurus,
RIU-084,"Data Quality Checks (Nulls, Duplicates, Ranges)",Bad data silently degrades outcomes.,Add data quality checks and thresholds; surface anomalies loudly or as warnings.,Quality & Safety | Interfaces & Inputs,"{""industry"": ""*"", ""category"": ""*"", ""use_case"": ""*""}",,data_quality_rules.yaml | dq_checks/ | anomaly_report.md,two_way,"{""execution"": ""Bad data detected before downstream impact."", ""outcome"": ""Anomalies visible to operators."", ""safety_quality"": ""Prevents silent degradation.""}","{""silent"": [""thresholds too lax""], ""loud"": [""false alarms""], ""clustered"": [""seasonal changes""]}",,ARK:Therizinosaurus | ARK:Velociraptor,
RIU-085,Cost/Latency Budget Envelope,Costs/latency can blow up unexpectedly.,Define cost/latency budgets; implement guards and alerts with fallbacks.,Quality & Safety | Ops & Delivery,"{""industry"": ""*"", ""category"": ""*"", ""use_case"": ""*""}",,budget_envelope.md | cost_guards/ | latency_alerts.md,two_way,"{""execution"": ""Costs/latency stay within bounded envelope."", ""outcome"": ""Spikes trigger alerts and fallback."", ""safety_quality"": ""Prevents runaway spend.""}","{""silent"": [""budget not enforced""], ""loud"": [""budget triggers too often""], ""clustered"": [""burst traffic""]}",,ARK:Tyrannosaurus | ARK:Therizinosaurus | ARK:Velociraptor,
RIU-086,Regression Suite (Golden + Metamorphic),Need regressions caught beyond a small golden set.,Add metamorphic tests and invariants alongside golden cases.,Quality & Safety,"{""industry"": ""*"", ""category"": ""*"", ""use_case"": ""*""}",,regression_suite/ | invariants.md,two_way,"{""execution"": ""Regressions caught even when golden set incomplete."", ""outcome"": ""Confidence improves."", ""safety_quality"": ""Safer shipping cadence.""}","{""silent"": [""invariants too weak""], ""loud"": [""test brittleness""], ""clustered"": [""model updates""]}",RIU-021,ARK:Velociraptor | ARK:Tyrannosaurus,
RIU-087,Human Review Gate (One-Way Doors),Irreversible decisions need explicit gating.,Define review checklist for one-way doors; require sign-off recorded in decisions.md.,Quality & Safety | Clarify & Bound,"{""industry"": ""*"", ""category"": ""*"", ""use_case"": ""*""}",,one_way_door_gate.md,two_way,"{""execution"": ""No one-way door executed without sign-off."", ""outcome"": ""Audit trail exists."", ""safety_quality"": ""Reduces catastrophic mistakes.""}","{""silent"": [""gate bypassed""], ""loud"": [""sign-off delayed""], ""clustered"": [""urgent incidents""]}",RIU-003,Human:Delivery | ARK:Tyrannosaurus | ARK:Velociraptor,
RIU-088,Privacy Redaction Pipeline,Logs/prompts may include sensitive info.,Implement redaction/minimization for logs/prompts/stored artifacts; verify with tests.,Quality & Safety | Ops & Delivery,"{""industry"": ""*"", ""category"": ""*"", ""use_case"": ""*""}",,redaction_rules.yaml | redaction_tests/ | privacy_runbook.md,one_way,"{""execution"": ""Sensitive fields never stored or logged."", ""outcome"": ""Compliance risk reduced."", ""safety_quality"": ""Safe handling documented.""}","{""silent"": [""missed fields""], ""loud"": [""over-redaction harms utility""], ""clustered"": [""free-text notes""]}",RIU-012,ARK:Tyrannosaurus | ARK:Therizinosaurus | ARK:Velociraptor,
RIU-100,No-Lie Capability Statement (Internal + External Safe),Messaging risk during rebrand; customers paid; scope ambiguous.,"Write capability statement: what exists, what is pilot, what is out-of-scope, assumptions.",Adoption & Change | Clarify & Bound,"{""industry"": ""*"", ""category"": ""*"", ""use_case"": ""*""}",,capability_statement.md | internal_faq.md | talk_track.md,mixed,"{""execution"": ""Messaging consistent without overpromising."", ""outcome"": ""Customers understand boundaries."", ""safety_quality"": ""Commitments tracked as one-way doors.""}","{""silent"": [""implied commitments""], ""loud"": [""conflicts with roadmap""], ""clustered"": [""multiple GTM owners""]}",,Human:Delivery | ARK:Tyrannosaurus | ARK:Velociraptor,
RIU-101,Customer Workshop (Problem Framing + RIU Mapping),Customer needs alignment; asks are broad.,Facilitate workshop to converge on JTBD and map to multiple candidate RIUs (non-commit).,Clarify & Bound | Adoption & Change,"{""industry"": ""*"", ""category"": ""*"", ""use_case"": ""*""}",,workshop_agenda.md | workshop_outputs.md | candidate_riu_map.yaml,two_way,"{""execution"": ""Aligned scope and prioritized plan."", ""outcome"": ""Customer understands phases/tradeoffs."", ""safety_quality"": ""Gaps surfaced explicitly.""}","{""silent"": [""dominant stakeholder overrides others""], ""loud"": [""no-show""], ""clustered"": [""distributed teams/timezones""]}",,Human:Delivery | ARK:Tyrannosaurus | ARK:Argentavis,
RIU-102,Enablement Pack (Docs + Demos + Runbooks),Adoption fails due to missing docs/demos/runbooks.,"Create enablement pack: quickstart, demo script, FAQ, runbook, handoff checklist.",Adoption & Change | Ops & Delivery,"{""industry"": ""*"", ""category"": ""*"", ""use_case"": ""*""}",,quickstart.md | demo_script.md | faq.md | runbook.md | handoff_checklist.md,two_way,"{""execution"": ""Customer operates solution without FDE presence."", ""outcome"": ""Support load reduced."", ""safety_quality"": ""Handoff is safe.""}","{""silent"": [""docs drift""], ""loud"": [""missing operational steps""], ""clustered"": [""high turnover customers""]}",,Human:Delivery | ARK:Therizinosaurus | ARK:Velociraptor,
RIU-103,Training Session + Feedback Capture,Users need training; unknown friction points.,Deliver training and capture structured feedback to refine assumptions/RIU candidates.,Adoption & Change,"{""industry"": ""*"", ""category"": ""*"", ""use_case"": ""*""}",,training_deck.md | feedback_form.md | feedback_summary.md,two_way,"{""execution"": ""Users operate system independently."", ""outcome"": ""Feedback yields actionable improvements."", ""safety_quality"": ""Repeat questions drop.""}","{""silent"": [""feedback not structured""], ""loud"": [""training misaligned""], ""clustered"": [""multiple personas""]}",,Human:Delivery | ARK:Argentavis,
RIU-104,Handoff Bundle (Restartable Engagement Package),Need to hand off or restart without hidden state.,Package core+assumptions+decisions+artifacts with README and artifact index.,Adoption & Change | Ops & Delivery,"{""industry"": ""*"", ""category"": ""*"", ""use_case"": ""*""}",,handoff_readme.md | artifact_index.md | restart_instructions.md,two_way,"{""execution"": ""New operator resumes quickly."", ""outcome"": ""No critical knowledge lost."", ""safety_quality"": ""Restart requires no external memory.""}","{""silent"": [""missing decision context""], ""loud"": [""artifacts not indexed""], ""clustered"": [""multi-week engagements""]}",,Human:Delivery | ARK:Therizinosaurus,
RIU-105,Executive Update (Clarity Under Pressure),Executives need crisp updates; misalignment risk.,"Produce update: progress, risks, decisions needed, next demo.",Adoption & Change | Clarify & Bound,"{""industry"": ""*"", ""category"": ""*"", ""use_case"": ""*""}",,exec_update_template.md | weekly_exec_update.md,two_way,"{""execution"": ""Leadership unblocks decisions quickly."", ""outcome"": ""Risks visible."", ""safety_quality"": ""Trust maintained.""}","{""silent"": [""bad news delayed""], ""loud"": [""exec escalates scope""], ""clustered"": [""rebrand launches""]}",RIU-009,Human:Delivery,
RIU-120,Integration Mode Selection (API vs Webhook vs Batch),Need to connect systems; best integration mode unclear.,"Compare integration modes with SLAs, latency, ops cost, failure modes; record decision.",Interfaces & Inputs | Ops & Delivery | Clarify & Bound,"{""industry"": ""*"", ""category"": ""*"", ""use_case"": ""*""}",,integration_mode_decision.md | tradeoff_table.md,one_way,"{""execution"": ""Integration mode selected with explicit tradeoffs."", ""outcome"": ""Expectations align."", ""safety_quality"": ""Avoid hidden one-way doors.""}","{""silent"": [""mode chosen by habit""], ""loud"": [""customer requires different mode""], ""clustered"": [""high-volume streams""]}",,ARK:Tyrannosaurus | Human:Delivery | ARK:Argentavis,
RIU-121,Webhook Reliability Pattern (Retries + Idempotency),Webhooks fail under retries/duplicates; consumers break.,"Implement retry policy, idempotency keys, signature verification, replay handling.",Ops & Delivery | Core Logic,"{""industry"": ""*"", ""category"": ""*"", ""use_case"": ""*""}",,webhook_spec.md | retry_policy.md | idempotency_design.md | webhook_tests/,mixed,"{""execution"": ""At-least-once delivery safe; duplicates handled."", ""outcome"": ""Retries do not overload systems."", ""safety_quality"": ""Security verified.""}","{""silent"": [""duplicate side effects""], ""loud"": [""signature mismatch""], ""clustered"": [""burst retries""]}",RIU-015,ARK:Tyrannosaurus | ARK:Therizinosaurus | ARK:Velociraptor | ARK:Velociraptor,
RIU-122,Batch Pipeline Safety Pattern (Checkpointing),Batch jobs fail mid-run; partial results corrupt downstream.,Add checkpointing/resumability; define rerun semantics and idempotent writes.,Ops & Delivery | Core Logic,"{""industry"": ""*"", ""category"": ""*"", ""use_case"": ""*""}",,batch_semantics.md | checkpointing_design.md | batch_tests/,two_way,"{""execution"": ""Batch reruns are safe and predictable."", ""outcome"": ""Partial failures recover cleanly."", ""safety_quality"": ""Operational burden reduced.""}","{""silent"": [""partial writes""], ""loud"": [""checkpoint corruption""], ""clustered"": [""large datasets""]}",,ARK:Tyrannosaurus | ARK:Therizinosaurus | ARK:Velociraptor,
RIU-123,Queue + Backpressure Pattern,Producer/consumer mismatch causes overload and cascades.,"Introduce queueing, backpressure, rate limits, dead-letter handling.",Ops & Delivery | Core Logic,"{""industry"": ""*"", ""category"": ""*"", ""use_case"": ""*""}",,queue_design.md | rate_limits.md | dlq_plan.md,one_way,"{""execution"": ""Stability under spikes."", ""outcome"": ""Failures isolated to DLQ."", ""safety_quality"": ""Backpressure prevents cascades.""}","{""silent"": [""unbounded queue growth""], ""loud"": [""DLQ floods""], ""clustered"": [""traffic spikes""]}",,ARK:Tyrannosaurus | ARK:Therizinosaurus | ARK:Velociraptor,
RIU-140,Research Sweep: FDE Role Patterns (External),Need external signal to detect missing RIUs and emerging patterns.,"Collect patterns from public FDE job descriptions, case studies, delivery writeups; propose candidate gaps.",Clarify & Bound,"{""industry"": ""*"", ""category"": ""*"", ""use_case"": ""*""}",,research_sources.md | pattern_summary.md | candidate_gaps.md,two_way,"{""execution"": ""Candidate gaps suggested with evidence."", ""outcome"": ""Workstreams refined from observed reality."", ""safety_quality"": ""No auto-promotion occurs.""}","{""silent"": [""sampling bias""], ""loud"": [""low-quality sources""], ""clustered"": [""fast-changing terms""]}",,ARK:Argentavis | Human:Delivery,
RIU-141,Candidate RIU Template + Tight Bounding,No RIU fits a problem; need bounded candidate material.,Create Candidate RIU with explicit pattern/intent/artifacts/success/failure/deps; delete quickly if it fails.,Clarify & Bound | Quality & Safety,"{""industry"": ""*"", ""category"": ""*"", ""use_case"": ""*""}",,candidate_riu.yaml | candidate_validation_plan.md,two_way,"{""execution"": ""Gap becomes explicit and testable."", ""outcome"": ""Candidate safe to try and cheap to delete."", ""safety_quality"": ""No accidental canonization.""}","{""silent"": [""candidate too broad""], ""loud"": [""candidate overlaps existing RIUs""], ""clustered"": [""new product launches""]}",,ARK:Tyrannosaurus | ARK:Velociraptor,
RIU-200,Customer Problem Narrative (JTBD + Constraints),"Customer describes symptoms, not root cause; narrative fragmented.",Synthesize a JTBD narrative and symptom map from notes; confirm with customer.,Clarify & Bound,"{""industry"": ""*"", ""category"": ""*"", ""use_case"": ""*""}",confusing ask,problem_narrative.md | symptom_map.md,two_way,"{""execution"": ""Narrative confirmed."", ""outcome"": ""Less misinterpretation."", ""safety_quality"": ""Better decomposition.""}","{""silent"": [""misread intent""], ""loud"": [""customer disagrees""], ""clustered"": [""multiple stakeholders""]}",,Human:Delivery | ARK:Argentavis,
RIU-201,Competitive/Alternatives Scan (Non-Sales),Customer compares vendors; need technical differentiation without hype.,"Summarize alternatives with tradeoffs, risks, and integration costs.",Clarify & Bound,"{""industry"": ""*"", ""category"": ""*"", ""use_case"": ""*""}",vendor comparison,alternatives_scan.md | tradeoffs.md,two_way,"{""execution"": ""Customer can choose with clarity."", ""outcome"": ""Reduces rework from wrong assumptions."", ""safety_quality"": ""Avoids overpromising.""}","{""silent"": [""biased scan""], ""loud"": [""missing info""], ""clustered"": [""fast-moving market""]}",,ARK:Argentavis | Human:Delivery,
RIU-202,Escalation Trigger Definition,Escalations happen randomly; teams surprised.,"Define triggers for escalation (security, SLA, data) and owners.",Clarify & Bound,"{""industry"": ""*"", ""category"": ""*"", ""use_case"": ""*""}",blocked approvals,escalation_triggers.md,two_way,"{""execution"": ""Escalations predictable."", ""outcome"": ""Less surprise blocking."", ""safety_quality"": ""Faster approvals.""}","{""silent"": [""trigger ignored""], ""loud"": [""trigger too sensitive""], ""clustered"": [""enterprise governance""]}",RIU-002,Human:Delivery,
RIU-210,Data Ingestion Mode Decision (Pull vs Push),Unclear whether to pull data or receive pushes; impacts ops cost.,Decide pull vs push; record tradeoffs and failure modes.,Interfaces & Inputs,"{""industry"": ""*"", ""category"": ""*"", ""use_case"": ""*""}",ingestion unclear,ingestion_mode_decision.md,one_way,"{""execution"": ""Mode selected with explicit tradeoffs."", ""outcome"": ""Ops cost understood."", ""safety_quality"": ""Avoid hidden one-way doors.""}","{""silent"": [""choice made implicitly""], ""loud"": [""mode conflicts with infra""], ""clustered"": [""high volume data""]}",RIU-120,ARK:Tyrannosaurus | Human:Delivery,
RIU-211,Rate Limit & Quota Discovery,APIs throttle unexpectedly; integration breaks.,"Measure and document rate limits, quotas, retry headers, and backoff strategies.",Interfaces & Inputs,"{""industry"": ""*"", ""category"": ""*"", ""use_case"": ""*""}",throttling,rate_limit_report.md | backoff_strategy.md,two_way,"{""execution"": ""Integration respects quotas."", ""outcome"": ""Avoid bans/outages."", ""safety_quality"": ""Predictable throughput.""}","{""silent"": [""limits vary by tenant""], ""loud"": [""ban encountered""], ""clustered"": [""large accounts""]}",RIU-017,ARK:Therizinosaurus | ARK:Argentavis,
RIU-212,File Format Handling (CSV/JSON/Parquet),Customer uses inconsistent file formats and encodings.,Define supported formats/encodings; implement validators and conversion tools.,Interfaces & Inputs,"{""industry"": ""*"", ""category"": ""*"", ""use_case"": ""*""}",file ingestion,format_support.md | format_validators/ | conversion_tools/,two_way,"{""execution"": ""Formats handled reliably."", ""outcome"": ""Edge-case files fail loudly."", ""safety_quality"": ""Support burden reduced.""}","{""silent"": [""encoding misread""], ""loud"": [""parser crash""], ""clustered"": [""international CSVs""]}",RIU-014,ARK:Therizinosaurus | ARK:Velociraptor,
RIU-230,Retrieval Query Rewriting (Guarded),User queries are vague; retrieval recall low.,Implement query rewriting with constraints and abstain; evaluate on golden set.,Core Logic,"{""industry"": ""*"", ""category"": ""*"", ""use_case"": ""*""}",low recall,query_rewriter/ | rewrite_rules.md | rewrite_eval.md,two_way,"{""execution"": ""Recall improves measurably."", ""outcome"": ""No harmful rewrites."", ""safety_quality"": ""Abstain prevents damage.""}","{""silent"": [""rewrite changes intent""], ""loud"": [""latency increase""], ""clustered"": [""ambiguous queries""]}",RIU-021,ARK:Tyrannosaurus | ARK:Therizinosaurus | ARK:Velociraptor,
RIU-231,Chunking Strategy for Long Docs,Long docs cause retrieval misses; chunking unclear.,Define chunking strategy and evaluate retrieval impact.,Core Logic,"{""industry"": ""*"", ""category"": ""*"", ""use_case"": ""*""}",long docs,chunking_plan.md | chunker/ | chunk_eval.md,two_way,"{""execution"": ""Retrieval improves for long docs."", ""outcome"": ""Chunk boundaries reasonable."", ""safety_quality"": ""Latency/cost controlled.""}","{""silent"": [""chunks lose context""], ""loud"": [""index bloat""], ""clustered"": [""pdf-like docs""]}",RIU-020,ARK:Tyrannosaurus | ARK:Therizinosaurus | ARK:Velociraptor,
RIU-232,Deduplication at Retrieval Time,Near-duplicate docs dominate results; diversity poor.,Implement dedup in results; preserve diversity with reason codes.,Core Logic,"{""industry"": ""*"", ""category"": ""*"", ""use_case"": ""*""}",duplicate results,retrieval_dedup.md | dedup_module/,two_way,"{""execution"": ""Results more diverse; less redundancy."", ""outcome"": ""User satisfaction improves."", ""safety_quality"": ""Explainable pruning.""}","{""silent"": [""dedup removes key variant""], ""loud"": [""dedup too aggressive""], ""clustered"": [""templated docs""]}",RIU-027,ARK:Tyrannosaurus | ARK:Therizinosaurus,
RIU-250,Security Review Packet (Minimal),Security team needs evidence to approve.,"Assemble packet: threat model, data flows, permissions, mitigations, tests.",Quality & Safety,"{""industry"": ""*"", ""category"": ""*"", ""use_case"": ""*""}",security review,security_review_packet.md,one_way,"{""execution"": ""Security review faster."", ""outcome"": ""Risks explicit."", ""safety_quality"": ""Mitigations verified.""}","{""silent"": [""packet missing key risk""], ""loud"": [""security blocks launch""], ""clustered"": [""tool-calling agents""]}",RIU-012,ARK:Tyrannosaurus | ARK:Velociraptor,
RIU-251,Reliability Chaos Drill (Tabletop),Incident plan exists but untested.,Run tabletop drill against incident runbook; update gaps.,Quality & Safety,"{""industry"": ""*"", ""category"": ""*"", ""use_case"": ""*""}",pre-launch,chaos_drill_plan.md | chaos_drill_results.md,two_way,"{""execution"": ""Runbook actionable under stress."", ""outcome"": ""Owners know roles."", ""safety_quality"": ""Gaps fixed pre-incident.""}","{""silent"": [""no follow-up fixes""], ""loud"": [""runbook unusable""], ""clustered"": [""multi-team incidents""]}",RIU-062,Human:Delivery,
RIU-252,Model/Dependency Change Watchlist,Upstream model/provider changes break behavior.,Create watchlist for dependencies; define re-eval triggers and rollback stance.,Quality & Safety,"{""industry"": ""*"", ""category"": ""*"", ""use_case"": ""*""}",provider changes,change_watchlist.md | retest_triggers.md,two_way,"{""execution"": ""Changes detected early."", ""outcome"": ""Retesting proactive."", ""safety_quality"": ""Less surprise regressions.""}","{""silent"": [""watchlist ignored""], ""loud"": [""surprise breaking change""], ""clustered"": [""managed services""]}",RIU-086,ARK:Tyrannosaurus,
RIU-270,Staging Environment Buildout (Prod-like),No safe environment to test; prod-only changes risky.,"Create prod-like staging with test data, configs, and safe credentials.",Ops & Delivery,"{""industry"": ""*"", ""category"": ""*"", ""use_case"": ""*""}",no staging,staging_plan.md | staging_setup/ | staging_smoketests/,mixed,"{""execution"": ""Changes validated before prod."", ""outcome"": ""Risk reduced."", ""safety_quality"": ""Debugging easier.""}","{""silent"": [""staging differs materially""], ""loud"": [""cost too high""], ""clustered"": [""complex infra""]}",RIU-060,ARK:Tyrannosaurus | ARK:Therizinosaurus,
RIU-271,On-Call Handoff Checklist,Ops team inherits system; needs clarity.,"Create on-call checklist: dashboards, alerts, runbooks, contacts, escalation.",Ops & Delivery,"{""industry"": ""*"", ""category"": ""*"", ""use_case"": ""*""}",handoff,oncall_handoff.md,two_way,"{""execution"": ""On-call prepared."", ""outcome"": ""Incidents resolved faster."", ""safety_quality"": ""Fewer escalations to builders.""}","{""silent"": [""missing contact paths""], ""loud"": [""dashboard gaps""], ""clustered"": [""new teams""]}",RIU-061 | RIU-069,Human:Delivery,
RIU-272,Release Notes + Breaking Change Comms,Customers need comms; breaking changes cause anger.,Write release notes and breaking-change comms with timelines and mitigations.,Ops & Delivery,"{""industry"": ""*"", ""category"": ""*"", ""use_case"": ""*""}",release,release_notes.md | breaking_change_comms.md,mixed,"{""execution"": ""Customers prepared for changes."", ""outcome"": ""Trust preserved."", ""safety_quality"": ""Reduced support spikes.""}","{""silent"": [""unclear comms""], ""loud"": [""customer pushback""], ""clustered"": [""large rollouts""]}",RIU-016,Human:Delivery | ARK:Velociraptor,
RIU-290,Internal Demo Narrative (Problem→Value→Limits),Need crisp internal alignment on what was built and what wasn't.,Create demo narrative with limitations and next decisions; avoid hype.,Adoption & Change,"{""industry"": ""*"", ""category"": ""*"", ""use_case"": ""*""}",internal demo,demo_narrative.md | demo_checklist.md,two_way,"{""execution"": ""Internal alignment improved."", ""outcome"": ""Clear next steps."", ""safety_quality"": ""Limits prevent overpromising.""}","{""silent"": [""demo implies promises""], ""loud"": [""misalignment persists""], ""clustered"": [""rebrand messaging""]}",RIU-100,Human:Delivery,
RIU-291,Customer Success Play (Operationalization),CS needs repeatable play to drive adoption.,"Create CS play: onboarding steps, health checks, escalation triggers, success metrics.",Adoption & Change,"{""industry"": ""*"", ""category"": ""*"", ""use_case"": ""*""}",CS needs play,cs_playbook.md,two_way,"{""execution"": ""Adoption increases."", ""outcome"": ""Support load reduced."", ""safety_quality"": ""CS acts proactively.""}","{""silent"": [""play not used""], ""loud"": [""too complex""], ""clustered"": [""many customer segments""]}",RIU-006,Human:Delivery,
RIU-292,Post-Engagement Retro (Pattern Harvest),Need to capture learnings without ossifying.,"Run retro to harvest patterns, propose candidate RIUs, and list deletions.",Adoption & Change,"{""industry"": ""*"", ""category"": ""*"", ""use_case"": ""*""}",engagement ends,retro_notes.md | pattern_harvest.md | candidate_rius_from_retro.yaml,two_way,"{""execution"": ""Patterns captured with evidence."", ""outcome"": ""Bad ideas deleted."", ""safety_quality"": ""Taxonomy evolves safely.""}","{""silent"": [""retro skipped""], ""loud"": [""political blame""], ""clustered"": [""failed engagements""]}",RIU-141,Human:Delivery | ARK:Tyrannosaurus,
RIU-320,Support Intake Triage,Inbound support/incidents require fast categorization and containment.,"Create triage rubric, severity levels, and first-response checklist.",Ops & Delivery | Adoption & Change,"{""industry"": ""*"", ""category"": ""*"", ""use_case"": ""*""}",support request,support_triage.md | sev_levels.md | first_response_checklist.md,two_way,"{""execution"": ""Support responds consistently."", ""outcome"": ""Sev classification consistent."", ""safety_quality"": ""Fewer escalations from confusion.""}","{""silent"": [""misclassified severity""], ""loud"": [""no owner assigned""], ""clustered"": [""after-hours spikes""]}",,Human:Delivery,Theme: Support & Triage
RIU-321,Known Issues Catalog,Repeated issues reappear without documentation.,"Maintain known issues with symptoms, workarounds, and fixes; link to artifacts.",Ops & Delivery | Adoption & Change,"{""industry"": ""*"", ""category"": ""*"", ""use_case"": ""*""}",repeat incident,known_issues.md,two_way,"{""execution"": ""Repeat issues resolved faster."", ""outcome"": ""Workarounds documented."", ""safety_quality"": ""Support load reduced.""}","{""silent"": [""catalog stale""], ""loud"": [""wrong workaround""], ""clustered"": [""new releases""]}",,Human:Delivery | ARK:Argentavis,Theme: Support & Triage
RIU-322,Customer Escalation Comms,High-severity issue needs clear customer comms.,"Use comms templates, define update cadence, and record commitments in decisions.md.",Ops & Delivery | Adoption & Change,"{""industry"": ""*"", ""category"": ""*"", ""use_case"": ""*""}",escalation | sev1,customer_escalation_comms.md | status_update_template.md,mixed,"{""execution"": ""Customer informed with consistent updates."", ""outcome"": ""Commitments tracked."", ""safety_quality"": ""Trust preserved.""}","{""silent"": [""implied promises""], ""loud"": [""missed update cadence""], ""clustered"": [""multi-stakeholder incidents""]}",RIU-062,Human:Delivery | ARK:Velociraptor,Theme: Support & Triage
RIU-323,ETL Transformation Library,Repeated transforms cause inconsistency across pipelines.,Factor transforms into a shared library with tests and versioning.,Ops & Delivery | Interfaces & Inputs,"{""industry"": ""*"", ""category"": ""*"", ""use_case"": ""*""}",many transforms,transforms/ | transform_tests/ | transform_versioning.md,two_way,"{""execution"": ""Transforms reusable and tested."", ""outcome"": ""Less copy-paste drift."", ""safety_quality"": ""Faster new pipelines.""}","{""silent"": [""untested edge cases""], ""loud"": [""breaking change in transform""], ""clustered"": [""many consumers""]}",,ARK:Tyrannosaurus | ARK:Therizinosaurus,Theme: Data Pipelines
RIU-324,Deduplication Strategy,Duplicate records break analytics and workflows.,"Define dedup keys, merge rules, and audit trail of merges.",Ops & Delivery | Interfaces & Inputs,"{""industry"": ""*"", ""category"": ""*"", ""use_case"": ""*""}",duplicates,dedup_strategy.md | merge_rules.yaml | dedup_tests/,mixed,"{""execution"": ""Duplicates handled deterministically."", ""outcome"": ""Merge outcomes auditable."", ""safety_quality"": ""Downstream stable.""}","{""silent"": [""incorrect merges""], ""loud"": [""key collisions""], ""clustered"": [""partial identifiers""]}",RIU-011,ARK:Tyrannosaurus | ARK:Therizinosaurus | ARK:Velociraptor,Theme: Data Pipelines
RIU-325,Backfill Strategy + Monitoring,Historical backfill needed safely.,"Plan backfill with checkpoints, monitoring, and rollback semantics.",Ops & Delivery | Interfaces & Inputs,"{""industry"": ""*"", ""category"": ""*"", ""use_case"": ""*""}",backfill,backfill_plan.md | backfill_scripts/ | backfill_dashboard.md,one_way,"{""execution"": ""Backfill completes without outages."", ""outcome"": ""Progress observable."", ""safety_quality"": ""Rollback plan exists.""}","{""silent"": [""partial backfill""], ""loud"": [""overload production""], ""clustered"": [""large tables""]}",RIU-067,ARK:Tyrannosaurus | ARK:Therizinosaurus | ARK:Velociraptor,Theme: Data Pipelines
RIU-326,Threat Model Sketch,Need minimal threat model for a feature.,"Document threat actors, attack surfaces, mitigations, residual risk.",Quality & Safety | Ops & Delivery,"{""industry"": ""*"", ""category"": ""*"", ""use_case"": ""*""}",security review,threat_model.md,one_way,"{""execution"": ""Threats identified early."", ""outcome"": ""Mitigations planned before launch."", ""safety_quality"": ""Security review smoother.""}","{""silent"": [""missed attack surface""], ""loud"": [""security blocks launch""], ""clustered"": [""tool-calling agents""]}",RIU-029,ARK:Tyrannosaurus | ARK:Velociraptor,Theme: Security
RIU-327,AuthN/AuthZ Integration Pattern,Need integrate with SSO/roles.,"Implement auth integration, role mapping, permission checks; add tests.",Quality & Safety | Ops & Delivery,"{""industry"": ""*"", ""category"": ""*"", ""use_case"": ""*""}",SSO | roles,auth_design.md | permission_matrix.md | auth_tests/,one_way,"{""execution"": ""Access control correct and tested."", ""outcome"": ""Least privilege maintained."", ""safety_quality"": ""Audit ready.""}","{""silent"": [""privilege escalation""], ""loud"": [""SSO misconfig""], ""clustered"": [""multi-tenant roles""]}",RIU-010,ARK:Tyrannosaurus | ARK:Therizinosaurus | ARK:Velociraptor,Theme: Security
RIU-328,Secrets Leak Scan (Repo + Logs),Risk of secrets leaking into repos/logs.,Add scanning for secrets and enforce remediation steps.,Quality & Safety | Ops & Delivery,"{""industry"": ""*"", ""category"": ""*"", ""use_case"": ""*""}",secrets concern,secrets_scan.md | remediation_steps.md,two_way,"{""execution"": ""Secrets not present in repos/logs."", ""outcome"": ""Findings remediated quickly."", ""safety_quality"": ""Prevents breaches.""}","{""silent"": [""scanner gaps""], ""loud"": [""false positives overwhelm""], ""clustered"": [""large repos""]}",RIU-066,ARK:Therizinosaurus | ARK:Velociraptor,Theme: Security
RIU-329,Minimal UX Prototype (Demo-Driven),Need align on product behavior quickly.,Create minimal demo prototype to converge on flows and constraints.,Adoption & Change | Clarify & Bound,"{""industry"": ""*"", ""category"": ""*"", ""use_case"": ""*""}",need demo,demo_prototype/ | demo_notes.md,two_way,"{""execution"": ""Stakeholders align faster via demo."", ""outcome"": ""Requirements clarified."", ""safety_quality"": ""Reduces rework.""}","{""silent"": [""demo diverges from build""], ""loud"": [""prototype scope balloons""], ""clustered"": [""multiple personas""]}",,Human:Delivery | ARK:Therizinosaurus,Theme: UX & Product Surface
RIU-330,Error Messaging + User Guidance,Users fail silently without guidance.,"Design error messages, remediation hints, and escalation paths.",Adoption & Change | Clarify & Bound,"{""industry"": ""*"", ""category"": ""*"", ""use_case"": ""*""}",support tickets,error_message_catalog.md | user_guidance.md,two_way,"{""execution"": ""Support tickets reduced."", ""outcome"": ""Users recover from errors."", ""safety_quality"": ""Better adoption.""}","{""silent"": [""generic errors""], ""loud"": [""messages leak sensitive info""], ""clustered"": [""i18n""]}",RIU-012,ARK:Tyrannosaurus | ARK:Velociraptor,Theme: UX & Product Surface
RIU-331,Change Management Plan,Customers need adoption plan and comms.,"Define rollout comms, training, timelines, and checkpoints.",Adoption & Change | Clarify & Bound,"{""industry"": ""*"", ""category"": ""*"", ""use_case"": ""*""}",adoption risk,change_management_plan.md,two_way,"{""execution"": ""Adoption increases."", ""outcome"": ""Less resistance."", ""safety_quality"": ""Clear rollout timeline.""}","{""silent"": [""no buy-in""], ""loud"": [""timeline slips""], ""clustered"": [""large orgs""]}",RIU-002,Human:Delivery,Theme: UX & Product Surface
RIU-332,Event Instrumentation Spec,Need analytics but events inconsistent.,"Define event taxonomy, payloads, privacy constraints; add validation.",Ops & Delivery | Adoption & Change,"{""industry"": ""*"", ""category"": ""*"", ""use_case"": ""*""}",need analytics,event_spec.md | event_schema.json | event_validators/,mixed,"{""execution"": ""Events consistent and usable."", ""outcome"": ""Privacy enforced."", ""safety_quality"": ""Metrics reliable.""}","{""silent"": [""event drift""], ""loud"": [""PII in events""], ""clustered"": [""multiple clients""]}",RIU-012 | RIU-061,ARK:Tyrannosaurus | ARK:Therizinosaurus | ARK:Velociraptor,Theme: Analytics & Reporting
RIU-333,Dashboard: Customer Health,Need visibility into customer outcomes.,Create minimal health dashboard with leading indicators and alerts.,Ops & Delivery | Adoption & Change,"{""industry"": ""*"", ""category"": ""*"", ""use_case"": ""*""}",customer health,customer_health_dashboard.md | dashboards/,two_way,"{""execution"": ""Health visible; issues caught early."", ""outcome"": ""CS proactive."", ""safety_quality"": ""Improves retention.""}","{""silent"": [""metrics not actionable""], ""loud"": [""dashboard wrong""], ""clustered"": [""no baseline""]}",RIU-061,Human:Delivery | ARK:Therizinosaurus,Theme: Analytics & Reporting
RIU-334,ROI Narrative (Internal),Need justify investment and align execs.,Create internal ROI narrative tied to metrics; avoid hype.,Ops & Delivery | Adoption & Change,"{""industry"": ""*"", ""category"": ""*"", ""use_case"": ""*""}",ROI question,roi_narrative.md,two_way,"{""execution"": ""Leadership alignment improves."", ""outcome"": ""Investment justified with evidence."", ""safety_quality"": ""Avoids overpromising externally.""}","{""silent"": [""assumptions untested""], ""loud"": [""metrics unavailable""], ""clustered"": [""early stage""]}",RIU-006,Human:Delivery | ARK:Argentavis,Theme: Analytics & Reporting
RIU-400,KB Content Audit (Coverage + Gaps),Customer knowledge base exists but quality/coverage unknown.,"Audit KB for coverage, duplication, staleness, and structure; propose prioritized fixes.",Clarify & Bound | Quality & Safety,"{""industry"": ""*"", ""category"": ""*"", ""use_case"": ""*""}",KB issues,kb_audit_report.md | kb_gap_list.md,two_way,"{""execution"": ""Executed and documented."", ""outcome"": ""Improves engagement outcome measurably."", ""safety_quality"": ""Safety constraints respected.""}","{""silent"": [""incomplete execution""], ""loud"": [""blocked dependencies""], ""clustered"": [""insufficient data""]}",RIU-013 | RIU-014,Human:Delivery | ARK:Argentavis | ARK:Velociraptor,Knowledge
RIU-401,Ingestion Reliability Audit (Loss + Lag),Docs/events missing or delayed; reliability unknown.,Measure ingestion lag/loss; identify failure points; propose fixes and monitoring.,Ops & Delivery | Quality & Safety,"{""industry"": ""*"", ""category"": ""*"", ""use_case"": ""*""}",missing docs | lag,ingestion_audit.md | lag_metrics.md | loss_metrics.md,two_way,"{""execution"": ""Executed and documented."", ""outcome"": ""Improves engagement outcome measurably."", ""safety_quality"": ""Safety constraints respected.""}","{""silent"": [""incomplete execution""], ""loud"": [""blocked dependencies""], ""clustered"": [""insufficient data""]}",RIU-061,ARK:Tyrannosaurus | ARK:Therizinosaurus | ARK:Velociraptor,Knowledge
RIU-402,Query Log Sampling (Intent Buckets),Need to understand user intents without perfect taxonomy.,Sample query logs; cluster into intent buckets; surface long-tail and failure clusters.,Clarify & Bound | Core Logic,"{""industry"": ""*"", ""category"": ""*"", ""use_case"": ""*""}",query confusion,query_log_sample.md | intent_buckets.md | failure_clusters.md,two_way,"{""execution"": ""Executed and documented."", ""outcome"": ""Improves engagement outcome measurably."", ""safety_quality"": ""Safety constraints respected.""}","{""silent"": [""incomplete execution""], ""loud"": [""blocked dependencies""], ""clustered"": [""insufficient data""]}",RIU-033,ARK:Velociraptor | ARK:Argentavis,Retrieval
RIU-403,Search Relevance Triage (Top Failures First),Search/RAG feels bad but unclear where to start.,"Identify top failure modes (no results, wrong results, stale results) and pick highest ROI fix.",Core Logic | Quality & Safety,"{""industry"": ""*"", ""category"": ""*"", ""use_case"": ""*""}",relevance complaints,relevance_triage.md | fix_backlog.md,two_way,"{""execution"": ""Executed and documented."", ""outcome"": ""Improves engagement outcome measurably."", ""safety_quality"": ""Safety constraints respected.""}","{""silent"": [""incomplete execution""], ""loud"": [""blocked dependencies""], ""clustered"": [""insufficient data""]}",RIU-021,ARK:Tyrannosaurus | ARK:Velociraptor,Retrieval
RIU-404,Hybrid RAG Pipeline (Baseline),Need a pragmatic RAG baseline quickly.,"Implement baseline RAG: chunking, embeddings, retrieval, rerank, grounded answer format.",Core Logic | Quality & Safety,"{""industry"": ""*"", ""category"": ""*"", ""use_case"": ""*""}",build RAG,rag_baseline.md | rag_pipeline/ | rag_eval.md,two_way,"{""execution"": ""Executed and documented."", ""outcome"": ""Improves engagement outcome measurably."", ""safety_quality"": ""Safety constraints respected.""}","{""silent"": [""incomplete execution""], ""loud"": [""blocked dependencies""], ""clustered"": [""insufficient data""]}",RIU-021 | RIU-023,ARK:Tyrannosaurus | ARK:Therizinosaurus | ARK:Velociraptor,Retrieval
RIU-405,Hallucination Countermeasures (Evidence Tags),LLM answers sound confident but ungrounded.,Require citations/evidence tags; add 'I don't know' triggers; penalize unsupported claims.,Quality & Safety | Core Logic,"{""industry"": ""*"", ""category"": ""*"", ""use_case"": ""*""}",hallucinations,evidence_tags.md | grounding_rules.yaml | hallucination_eval.md,two_way,"{""execution"": ""Executed and documented."", ""outcome"": ""Improves engagement outcome measurably."", ""safety_quality"": ""Safety constraints respected.""}","{""silent"": [""incomplete execution""], ""loud"": [""blocked dependencies""], ""clustered"": [""insufficient data""]}",RIU-082 | RIU-021,ARK:Tyrannosaurus | ARK:Therizinosaurus | ARK:Velociraptor,Safety
RIU-406,Prompt Injection Hardening,Retrieved content can contain instructions that subvert agent behavior.,"Add injection detection, content sandboxing, and instruction hierarchy rules; test with redteam set.",Quality & Safety,"{""industry"": ""*"", ""category"": ""*"", ""use_case"": ""*""}",prompt injection,prompt_injection_rules.md | injection_tests/,one_way,"{""execution"": ""Executed and documented."", ""outcome"": ""Improves engagement outcome measurably."", ""safety_quality"": ""Safety constraints respected.""}","{""silent"": [""incomplete execution""], ""loud"": [""blocked dependencies""], ""clustered"": [""insufficient data""]}",RIU-082 | RIU-083,ARK:Tyrannosaurus | ARK:Velociraptor | ARK:Therizinosaurus,Safety
RIU-407,Document Permission Filtering (ABAC/RBAC),Users must not retrieve docs they can't access.,Implement permission-aware retrieval filter and tests; document failure behavior.,Quality & Safety | Core Logic,"{""industry"": ""*"", ""category"": ""*"", ""use_case"": ""*""}",permissions,permission_filter_design.md | permission_tests/,one_way,"{""execution"": ""Executed and documented."", ""outcome"": ""Improves engagement outcome measurably."", ""safety_quality"": ""Safety constraints respected.""}","{""silent"": [""incomplete execution""], ""loud"": [""blocked dependencies""], ""clustered"": [""insufficient data""]}",RIU-010,ARK:Tyrannosaurus | ARK:Therizinosaurus | ARK:Velociraptor,Security
RIU-408,Multilingual Support Strategy,Customer content/users span languages; relevance drops.,"Define language detection, translation policy, multilingual embeddings, and evaluation plan.",Core Logic | Quality & Safety,"{""industry"": ""*"", ""category"": ""*"", ""use_case"": ""*""}",multilingual,multilingual_plan.md | language_tests/,two_way,"{""execution"": ""Executed and documented."", ""outcome"": ""Improves engagement outcome measurably."", ""safety_quality"": ""Safety constraints respected.""}","{""silent"": [""incomplete execution""], ""loud"": [""blocked dependencies""], ""clustered"": [""insufficient data""]}",RIU-021,ARK:Tyrannosaurus | ARK:Therizinosaurus | ARK:Velociraptor,Retrieval
RIU-409,Observability: Correlation IDs + Trace Propagation,Logs exist but cannot trace a request end-to-end.,Add correlation IDs across services and propagate trace context; update dashboards.,Ops & Delivery | Quality & Safety,"{""industry"": ""*"", ""category"": ""*"", ""use_case"": ""*""}",debugging hard,correlation_id_design.md | trace_propagation/,two_way,"{""execution"": ""Executed and documented."", ""outcome"": ""Improves engagement outcome measurably."", ""safety_quality"": ""Safety constraints respected.""}","{""silent"": [""incomplete execution""], ""loud"": [""blocked dependencies""], ""clustered"": [""insufficient data""]}",RIU-061,ARK:Tyrannosaurus | ARK:Therizinosaurus,Ops
RIU-410,Alert Tuning (Reduce Noise),Alerts fire too often; teams ignore them.,Tune alerts using historical incidents; define paging vs ticket thresholds.,Ops & Delivery,"{""industry"": ""*"", ""category"": ""*"", ""use_case"": ""*""}",alert fatigue,alert_tuning.md | paging_policy.md,two_way,"{""execution"": ""Executed and documented."", ""outcome"": ""Improves engagement outcome measurably."", ""safety_quality"": ""Safety constraints respected.""}","{""silent"": [""incomplete execution""], ""loud"": [""blocked dependencies""], ""clustered"": [""insufficient data""]}",RIU-070,Human:Delivery | ARK:Velociraptor,Ops
RIU-411,Incident Postmortem (Blameless) + Actions,Incident occurred; need learning and prevention.,"Write blameless postmortem with timeline, root cause, contributing factors, and actions.",Ops & Delivery | Adoption & Change,"{""industry"": ""*"", ""category"": ""*"", ""use_case"": ""*""}",incident happened,postmortem.md | action_items.md,two_way,"{""execution"": ""Executed and documented."", ""outcome"": ""Improves engagement outcome measurably."", ""safety_quality"": ""Safety constraints respected.""}","{""silent"": [""incomplete execution""], ""loud"": [""blocked dependencies""], ""clustered"": [""insufficient data""]}",RIU-062,Human:Delivery | ARK:Tyrannosaurus,Ops
RIU-412,Data Retention & Deletion Policy Alignment,Customer requires retention/deletion guarantees.,Document retention classes; deletion workflows; verify logs and backups compliance.,Quality & Safety | Ops & Delivery,"{""industry"": ""*"", ""category"": ""*"", ""use_case"": ""*""}",retention,retention_policy.md | deletion_workflows.md,one_way,"{""execution"": ""Executed and documented."", ""outcome"": ""Improves engagement outcome measurably."", ""safety_quality"": ""Safety constraints respected.""}","{""silent"": [""incomplete execution""], ""loud"": [""blocked dependencies""], ""clustered"": [""insufficient data""]}",RIU-012,ARK:Tyrannosaurus | ARK:Velociraptor,Compliance
RIU-413,Customer Value Demo (Before/After),Need to demonstrate impact quickly to sustain buy-in.,Create before/after demo with baseline metrics and narrative; avoid overclaiming.,Adoption & Change,"{""industry"": ""*"", ""category"": ""*"", ""use_case"": ""*""}",need proof,before_after_demo.md | impact_metrics.md,two_way,"{""execution"": ""Executed and documented."", ""outcome"": ""Improves engagement outcome measurably."", ""safety_quality"": ""Safety constraints respected.""}","{""silent"": [""incomplete execution""], ""loud"": [""blocked dependencies""], ""clustered"": [""insufficient data""]}",RIU-020 | RIU-006,Human:Delivery | ARK:Velociraptor,GTM
RIU-414,Pricing/Cost Disclosure (Internal Guardrail),Costs exist; sales risk if misrepresented.,Create internal cost disclosure and guardrails for quoting; link to budget envelope.,Adoption & Change | Quality & Safety,"{""industry"": ""*"", ""category"": ""*"", ""use_case"": ""*""}",pricing,cost_disclosure.md | quoting_guardrails.md,one_way,"{""execution"": ""Executed and documented."", ""outcome"": ""Improves engagement outcome measurably."", ""safety_quality"": ""Safety constraints respected.""}","{""silent"": [""incomplete execution""], ""loud"": [""blocked dependencies""], ""clustered"": [""insufficient data""]}",RIU-085,Human:Delivery | ARK:Tyrannosaurus,GTM
RIU-415,Stakeholder Alignment Email Pack,Need crisp comms to align multiple teams quickly.,"Generate email pack: kickoff, weekly update, escalation, scope change request.",Adoption & Change,"{""industry"": ""*"", ""category"": ""*"", ""use_case"": ""*""}",multi-team,comms_pack.md,two_way,"{""execution"": ""Executed and documented."", ""outcome"": ""Improves engagement outcome measurably."", ""safety_quality"": ""Safety constraints respected.""}","{""silent"": [""incomplete execution""], ""loud"": [""blocked dependencies""], ""clustered"": [""insufficient data""]}",RIU-002,Human:Delivery,Comms
RIU-416,Training Data Curation (LLM),Need curated examples for prompting/eval; raw data noisy.,"Curate exemplars with labels, rationales, and privacy checks; version them.",Quality & Safety,"{""industry"": ""*"", ""category"": ""*"", ""use_case"": ""*""}",need examples,curated_examples.jsonl | curation_guidelines.md,two_way,"{""execution"": ""Executed and documented."", ""outcome"": ""Improves engagement outcome measurably."", ""safety_quality"": ""Safety constraints respected.""}","{""silent"": [""incomplete execution""], ""loud"": [""blocked dependencies""], ""clustered"": [""insufficient data""]}",RIU-012 | RIU-021,ARK:Velociraptor | ARK:Velociraptor,Eval
